signal_date,effective_return_date,asset,ticker,portfolio_sleeve_weight,decision_price,predicted_probability,selected_threshold,selected_filter,validation_calmar,signal,previous_position,target_position,position_change,position_change_abs,side,daily_asset_return,gross_strategy_return,fixed_cost_bps,fixed_cost_return,fixed_cost_net_return,data_as_of_date,data_snapshot
2025-01-02,2025-01-03,D05_SI,D05.SI,0.3333333333333333,40.288272857666016,0.4549622813718155,0.4,NO_FILTER,3.618630459002006,1,0.0,1.0,1.0,1.0,BUY,0.005489510379658835,0.0,10.0,0.001,-0.001,2026-07-13,final_model_bridge_prices_2026-07-06.csv
2025-01-02,2025-01-03,SPY,SPY,0.3333333333333333,574.799560546875,0.5456328424137514,0.4,NO_FILTER,3.864395561716396,1,0.0,1.0,1.0,1.0,BUY,-0.002456912408398071,-0.0,10.0,0.001,-0.001,2026-07-13,final_model_bridge_prices_2026-07-06.csv
2025-01-06,2025-01-07,NVDA,NVDA,0.3333333333333333,149.2071533203125,0.5514774895421124,0.55,NO_FILTER,10.133806552797092,1,0.0,1.0,1.0,1.0,BUY,0.03433240961951434,0.0,10.0,0.001,-0.001,2026-07-13,final_model_bridge_prices_2026-07-06.csv
2025-01-07,2025-01-08,NVDA,NVDA,0.3333333333333333,139.93099975585938,0.49129205003928195,0.55,NO_FILTER,10.133806552797092,0,1.0,0.0,-1.0,1.0,SELL,-0.062169630329582226,-0.062169630329582226,10.0,0.001,-0.06316963032958223,2026-07-13,final_model_bridge_prices_2026-07-06.csv
2025-01-27,2025-01-28,NVDA,NVDA,0.3333333333333333,118.24340057373048,0.5711838891928207,0.55,NO_FILTER,10.133806552797092,1,0.0,1.0,1.0,1.0,BUY,-0.1696816230490189,-0.0,10.0,0.001,-0.001,2026-07-13,final_model_bridge_prices_2026-07-06.csv
2025-01-28,2025-01-29,NVDA,NVDA,0.3333333333333333,128.79763793945312,0.5046711264354826,0.55,NO_FILTER,10.133806552797092,0,1.0,0.0,-1.0,1.0,SELL,0.08925857438565088,0.08925857438565088,10.0,0.001,0.08825857438565088,2026-07-13,final_model_bridge_prices_2026-07-06.csv
2025-04-04,2025-04-07,NVDA,NVDA,0.3333333333333333,94.17801666259766,0.5771177823083717,0.55,NO_FILTER,10.133806552797092,1,0.0,1.0,1.0,1.0,BUY,-0.07357568117034718,-0.0,10.0,0.001,-0.001,2026-07-13,final_model_bridge_prices_2026-07-06.csv
2025-04-07,2025-04-08,NVDA,NVDA,0.3333333333333333,97.50334930419922,0.5175998101268205,0.55,NO_FILTER,10.133806552797092,0,1.0,0.0,-1.0,1.0,SELL,0.03530901116249785,0.03530901116249785,10.0,0.001,0.03430901116249785,2026-07-13,final_model_bridge_prices_2026-07-06.csv
2025-05-15,2025-05-16,NVDA,NVDA,0.3333333333333333,134.64129638671875,0.5690580090085483,0.55,NO_FILTER,10.133806552797092,1,0.0,1.0,1.0,1.0,BUY,-0.003768334317651667,-0.0,10.0,0.001,-0.001,2026-07-13,final_model_bridge_prices_2026-07-06.csv
2025-05-21,2025-05-22,NVDA,NVDA,0.3333333333333333,131.61553955078125,0.5101480316341754,0.55,NO_FILTER,10.133806552797092,0,1.0,0.0,-1.0,1.0,SELL,-0.019199370326786203,-0.019199370326786203,10.0,0.001,-0.020199370326786203,2026-07-13,final_model_bridge_prices_2026-07-06.csv
2025-06-26,2025-06-27,SPY,SPY,0.3333333333333333,605.1646118164062,0.3693444287362719,0.4,NO_FILTER,3.864395561716396,0,1.0,0.0,-1.0,1.0,SELL,0.007823809728070064,0.007823809728070064,10.0,0.001,0.0068238097280700636,2026-07-13,final_model_bridge_prices_2026-07-06.csv
2025-07-15,2025-07-16,SPY,SPY,0.3333333333333333,615.3220825195312,0.43808959697949634,0.4,NO_FILTER,3.864395561716396,1,0.0,1.0,1.0,1.0,BUY,-0.004273113843065612,-0.0,10.0,0.001,-0.001,2026-07-13,final_model_bridge_prices_2026-07-06.csv
2025-07-23,2025-07-24,SPY,SPY,0.3333333333333333,627.2598266601562,0.3972647161694971,0.4,NO_FILTER,3.864395561716396,0,1.0,0.0,-1.0,1.0,SELL,0.008507575318954297,0.008507575318954297,10.0,0.001,0.007507575318954297,2026-07-13,final_model_bridge_prices_2026-07-06.csv
2025-07-24,2025-07-25,SPY,SPY,0.3333333333333333,627.4674682617188,0.41024406305335775,0.4,NO_FILTER,3.864395561716396,1,0.0,1.0,1.0,1.0,BUY,0.00033102965109055305,0.0,10.0,0.001,-0.001,2026-07-13,final_model_bridge_prices_2026-07-06.csv
2025-07-25,2025-07-28,SPY,SPY,0.3333333333333333,630.1181030273438,0.3695915491986927,0.4,NO_FILTER,3.864395561716396,0,1.0,0.0,-1.0,1.0,SELL,0.004224338152491125,0.004224338152491125,10.0,0.001,0.003224338152491125,2026-07-13,final_model_bridge_prices_2026-07-06.csv
2025-07-29,2025-07-30,SPY,SPY,0.3333333333333333,628.2982177734375,0.4093011887173454,0.4,NO_FILTER,3.864395561716396,1,0.0,1.0,1.0,1.0,BUY,-0.002637758576639282,-0.0,10.0,0.001,-0.001,2026-07-13,final_model_bridge_prices_2026-07-06.csv
2025-09-05,2025-09-08,NVDA,NVDA,0.3333333333333333,166.7978515625,0.5604962194374618,0.55,NO_FILTER,10.133806552797092,1,0.0,1.0,1.0,1.0,BUY,-0.027030212069536264,-0.0,10.0,0.001,-0.001,2026-07-13,final_model_bridge_prices_2026-07-06.csv
2025-09-09,2025-09-10,NVDA,NVDA,0.3333333333333333,170.53286743164062,0.5363536895889035,0.55,NO_FILTER,10.133806552797092,0,1.0,0.0,-1.0,1.0,SELL,0.014556415107065845,0.014556415107065845,10.0,0.001,0.013556415107065845,2026-07-13,final_model_bridge_prices_2026-07-06.csv
2025-09-22,2025-09-23,SPY,SPY,0.3333333333333333,661.3607177734375,0.391898827553385,0.4,NO_FILTER,3.864395561716396,0,1.0,0.0,-1.0,1.0,SELL,0.004731049353107419,0.004731049353107419,10.0,0.001,0.0037310493531074193,2026-07-13,final_model_bridge_prices_2026-07-06.csv
2025-09-24,2025-09-25,SPY,SPY,0.3333333333333333,655.6678466796875,0.4240687997767298,0.4,NO_FILTER,3.864395561716396,1,0.0,1.0,1.0,1.0,BUY,-0.0031816642308674092,-0.0,10.0,0.001,-0.001,2026-07-13,final_model_bridge_prices_2026-07-06.csv
2025-10-28,2025-10-29,NVDA,NVDA,0.3333333333333333,200.77394104003903,0.5547473560161875,0.55,NO_FILTER,10.133806552797092,1,0.0,1.0,1.0,1.0,BUY,0.04981991068259184,0.0,10.0,0.001,-0.001,2026-07-13,final_model_bridge_prices_2026-07-06.csv
2025-10-29,2025-10-30,NVDA,NVDA,0.3333333333333333,206.7762756347656,0.5455288389749469,0.55,NO_FILTER,10.133806552797092,0,1.0,0.0,-1.0,1.0,SELL,0.0298959843276152,0.0298959843276152,10.0,0.001,0.0288959843276152,2026-07-13,final_model_bridge_prices_2026-07-06.csv
2025-12-01,2025-12-02,NVDA,NVDA,0.3333333333333333,179.69082641601562,0.5628997393650101,0.55,NO_FILTER,10.133806552797092,1,0.0,1.0,1.0,1.0,BUY,0.016497230579703537,0.0,10.0,0.001,-0.001,2026-07-13,final_model_bridge_prices_2026-07-06.csv
2025-12-02,2025-12-03,NVDA,NVDA,0.3333333333333333,181.22886657714844,0.5492309174398535,0.55,NO_FILTER,10.133806552797092,0,1.0,0.0,-1.0,1.0,SELL,0.008559369400260808,0.008559369400260808,10.0,0.001,0.007559369400260808,2026-07-13,final_model_bridge_prices_2026-07-06.csv
2025-12-03,2025-12-04,NVDA,NVDA,0.3333333333333333,179.36123657226562,0.5596594951878039,0.55,NO_FILTER,10.133806552797092,1,0.0,1.0,1.0,1.0,BUY,-0.010305367131387855,-0.0,10.0,0.001,-0.001,2026-07-13,final_model_bridge_prices_2026-07-06.csv
2025-12-04,2025-12-05,NVDA,NVDA,0.3333333333333333,183.15660095214844,0.5315964832736993,0.55,NO_FILTER,10.133806552797092,0,1.0,0.0,-1.0,1.0,SELL,0.02116044945059037,0.02116044945059037,10.0,0.001,0.020160449450590368,2026-07-13,final_model_bridge_prices_2026-07-06.csv
2026-02-05,2026-02-06,NVDA,NVDA,0.3333333333333333,171.67062377929688,0.5657657212587136,0.55,NO_FILTER,10.133806552797092,1,0.0,1.0,1.0,1.0,BUY,-0.013261403233346236,-0.0,10.0,0.001,-0.001,2026-07-13,final_model_bridge_prices_2026-07-06.csv
2026-02-06,2026-02-09,NVDA,NVDA,0.3333333333333333,185.18414306640625,0.4745634408322266,0.55,NO_FILTER,10.133806552797092,0,1.0,0.0,-1.0,1.0,SELL,0.07871771529462501,0.07871771529462501,10.0,0.001,0.07771771529462501,2026-07-13,final_model_bridge_prices_2026-07-06.csv
2026-03-20,2026-03-23,NVDA,NVDA,0.3333333333333333,172.4989471435547,0.5502277860308896,0.55,NO_FILTER,10.133806552797092,1,0.0,1.0,1.0,1.0,BUY,-0.03281811115811839,-0.0,10.0,0.001,-0.001,2026-07-13,final_model_bridge_prices_2026-07-06.csv
2026-03-23,2026-03-24,NVDA,NVDA,0.3333333333333333,175.43553161621094,0.5316910765521418,0.55,NO_FILTER,10.133806552797092,0,1.0,0.0,-1.0,1.0,SELL,0.0170237820072745,0.0170237820072745,10.0,0.001,0.0160237820072745,2026-07-13,final_model_bridge_prices_2026-07-06.csv
2026-03-27,2026-03-30,NVDA,NVDA,0.3333333333333333,167.32498168945312,0.559579715986455,0.55,NO_FILTER,10.133806552797092,1,0.0,1.0,1.0,1.0,BUY,-0.021723974181843797,-0.0,10.0,0.001,-0.001,2026-07-13,final_model_bridge_prices_2026-07-06.csv
2026-03-31,2026-04-01,NVDA,NVDA,0.3333333333333333,174.1969757080078,0.5362385146992391,0.55,NO_FILTER,10.133806552797092,0,1.0,0.0,-1.0,1.0,SELL,0.05588180888236938,0.05588180888236938,10.0,0.001,0.054881808882369376,2026-07-13,final_model_bridge_prices_2026-07-06.csv
2026-04-14,2026-04-15,NVDA,NVDA,0.3333333333333333,196.28123474121097,0.5527768361529184,0.55,NO_FILTER,10.133806552797092,1,0.0,1.0,1.0,1.0,BUY,0.038032865411783634,0.0,10.0,0.001,-0.001,2026-07-13,final_model_bridge_prices_2026-07-06.csv
2026-04-15,2026-04-16,NVDA,NVDA,0.3333333333333333,198.63848876953125,0.5465395542368466,0.55,NO_FILTER,10.133806552797092,0,1.0,0.0,-1.0,1.0,SELL,0.012009574075831697,0.012009574075831697,10.0,0.001,0.011009574075831696,2026-07-13,final_model_bridge_prices_2026-07-06.csv
2026-04-27,2026-04-28,NVDA,NVDA,0.3333333333333333,216.3578338623047,0.5932555618220428,0.55,NO_FILTER,10.133806552797092,1,0.0,1.0,1.0,1.0,BUY,0.04004417714781017,0.0,10.0,0.001,-0.001,2026-07-13,final_model_bridge_prices_2026-07-06.csv
2026-04-29,2026-04-30,NVDA,NVDA,0.3333333333333333,209.00640869140625,0.4742318972847744,0.55,NO_FILTER,10.133806552797092,0,1.0,0.0,-1.0,1.0,SELL,-0.018389075111261644,-0.018389075111261644,10.0,0.001,-0.019389075111261644,2026-07-13,final_model_bridge_prices_2026-07-06.csv
2026-05-06,2026-05-07,SPY,SPY,0.3333333333333333,731.9443359375,0.36286461440999507,0.4,NO_FILTER,3.864395561716396,0,1.0,0.0,-1.0,1.0,SELL,0.013899399692774095,0.013899399692774095,10.0,0.001,0.012899399692774094,2026-07-13,final_model_bridge_prices_2026-07-06.csv
2026-05-07,2026-05-08,SPY,SPY,0.3333333333333333,729.7001342773438,0.4006413773681784,0.4,NO_FILTER,3.864395561716396,1,0.0,1.0,1.0,1.0,BUY,-0.0030660824190705815,-0.0,10.0,0.001,-0.001,2026-07-13,final_model_bridge_prices_2026-07-06.csv
2026-05-08,2026-05-11,SPY,SPY,0.3333333333333333,735.724609375,0.37179520992071236,0.4,NO_FILTER,3.864395561716396,0,1.0,0.0,-1.0,1.0,SELL,0.00825609701116825,0.00825609701116825,10.0,0.001,0.007256097011168251,2026-07-13,final_model_bridge_prices_2026-07-06.csv
2026-05-19,2026-05-20,SPY,SPY,0.3333333333333333,731.8446044921875,0.45351858866750633,0.4,NO_FILTER,3.864395561716396,1,0.0,1.0,1.0,1.0,BUY,-0.0066607880874933745,-0.0,10.0,0.001,-0.001,2026-07-13,final_model_bridge_prices_2026-07-06.csv
2026-05-22,2026-05-26,SPY,SPY,0.3333333333333333,743.7239990234375,0.37650381099196567,0.4,NO_FILTER,3.864395561716396,0,1.0,0.0,-1.0,1.0,SELL,0.003931549076803931,0.003931549076803931,10.0,0.001,0.0029315490768039307,2026-07-13,final_model_bridge_prices_2026-07-06.csv
2026-06-03,2026-06-04,SPY,SPY,0.3333333333333333,752.3018798828125,0.40718844045099983,0.4,NO_FILTER,3.864395561716396,1,0.0,1.0,1.0,1.0,BUY,-0.00701718232049986,-0.0,10.0,0.001,-0.001,2026-07-13,final_model_bridge_prices_2026-07-06.csv
