asset,model,selected_threshold,selected_filter,validation_calmar,validation_return,test_accuracy,test_precision,test_recall,test_return,benchmark_return,excess_return,test_volatility,test_sharpe,benchmark_sharpe,test_mdd,benchmark_mdd,test_calmar,benchmark_calmar,market_exposure,total_turnover,cost_drag
D05_SI,RandomForest,0.4,NO_FILTER,1.9791383439036507,0.27199435508580794,0.5476190476190477,0.5362318840579711,0.4088397790055249,0.4296204870049738,0.6661543694874623,-0.23653388248248852,0.1622231817299164,1.550843936230131,1.9621076209314303,-0.20448789920759103,-0.1925829987187404,2.100957996388988,3.459050767302432,0.7698412698412699,52.0,0.052000000000000005
D05_SI,ExtraTrees,0.4,NO_FILTER,3.6186347339008997,0.5308208452119105,0.5582010582010583,0.574468085106383,0.2983425414364641,0.655401031574812,0.6661543694874623,-0.010753337912650318,0.18201016426137392,1.9385529641338086,1.9621076209314303,-0.19258299871874063,-0.1925829987187404,3.403213346636053,3.459050767302432,1.0,1.0,0.001
D05_SI,GradientBoosting,0.6,MA100,30.821661716842613,0.03082166171684264,0.5714285714285714,0.6557377049180327,0.22099447513812154,-0.004112134869232009,0.6661543694874623,-0.6702665043566943,0.030384079758898768,-0.0751543919346795,1.9621076209314303,-0.03597631510888799,-0.1925829987187404,-0.11430116888808609,3.459050767302432,0.026455026455026454,16.0,0.016
D05_SI,HistGradientBoosting,0.45,MA100,0.9362343009580864,0.04254811337352926,0.5529100529100529,0.56,0.30939226519337015,0.11664352159491642,0.6661543694874623,-0.5495108478925459,0.08453228972509781,0.912542431439567,1.9621076209314303,-0.06853266966611282,-0.1925829987187404,1.7020133924914478,3.459050767302432,0.2566137566137566,84.0,0.08399999999999999
D05_SI,LogisticRegression,0.6,NO_FILTER,8.647062995822145,0.14922260720956437,0.5317460317460317,0.5204081632653061,0.281767955801105,0.03107719671300413,0.6661543694874623,-0.6350771727744582,0.10741006336932069,0.24414931297630182,1.9621076209314303,-0.13061269908651207,-0.1925829987187404,0.23793395994688057,3.459050767302432,0.06878306878306878,4.0,0.004
MSFT,RandomForest,0.4,NO_FILTER,1.4813660420097168,0.20016244748541845,0.552,0.44036697247706424,0.676056338028169,-0.11061229674855177,-0.06258039961802053,-0.04803189713053124,0.2769595264173549,-0.14638890933347676,-0.015871607535596223,-0.3604171321265197,-0.34498399049469086,-0.30690077382260167,-0.18140088045327313,0.9413333333333334,24.0,0.024
MSFT,ExtraTrees,0.4,NO_FILTER,0.9289898345985633,0.14387060255697381,0.5493333333333333,0.4293193717277487,0.5774647887323944,-0.056985005855677784,-0.06258039961802053,0.0055953937623427485,0.2796749144594614,-0.0016320797124250535,-0.015871607535596223,-0.3449839904946893,-0.34498399049469086,-0.16518159516319647,-0.18140088045327313,1.0,1.0,0.001
MSFT,GradientBoosting,0.4,NO_FILTER,0.25507424824036906,0.02962592680857612,0.5066666666666667,0.3785310734463277,0.47183098591549294,-0.12907744488833728,-0.06258039961802053,-0.06649704527031675,0.2543539535310293,-0.238341579441651,-0.015871607535596223,-0.3185737701436958,-0.34498399049469086,-0.40517285785994134,-0.18140088045327313,0.6986666666666667,70.0,0.07
MSFT,HistGradientBoosting,0.45,NO_FILTER,0.17784795572480047,0.020732008030162508,0.52,0.405,0.5704225352112676,0.021438306193394263,-0.06258039961802053,0.0840187058114148,0.235139785330311,0.17764146071296408,-0.015871607535596223,-0.2900341189814186,-0.34498399049469086,0.07391649737170314,-0.18140088045327313,0.6026666666666667,92.0,0.092
MSFT,LogisticRegression,0.5,NO_FILTER,2.5017569978762104,0.22566278226681757,0.42133333333333334,0.3469387755102041,0.5985915492957746,-0.18036841842536655,-0.06258039961802053,-0.11778801880734602,0.23500604307070103,-0.4511495569352119,-0.015871607535596223,-0.4018212918624331,-0.34498399049469086,-0.44887720506139134,-0.18140088045327313,0.6533333333333333,21.0,0.020999999999999998
NVDA,RandomForest,0.4,NO_FILTER,4.327203433411929,0.9011865457630959,0.5066666666666667,0.4868421052631579,0.4088397790055249,-0.06612131711605562,0.4529823717321415,-0.5191036888481971,0.4248473648428717,0.10461835116324532,0.7759152181044816,-0.4602067368926336,-0.3688103758053045,-0.14367742107061277,1.2282256721846445,0.8133333333333334,63.0,0.063
NVDA,ExtraTrees,0.55,NO_FILTER,10.133754851628956,0.2213624896919928,0.496,0.47333333333333333,0.39226519337016574,0.21999316762759813,0.4529823717321415,-0.23298920410454338,0.13018382193676856,1.0898624303456905,0.7759152181044816,-0.06504244995479758,-0.3688103758053045,3.3823013705739307,1.2282256721846445,0.050666666666666665,26.0,0.026000000000000002
NVDA,GradientBoosting,0.4,NO_FILTER,4.818989000961754,0.9803604437620712,0.5226666666666666,0.5064935064935064,0.430939226519337,0.29556317574730007,0.4529823717321415,-0.15741919598484144,0.3534538411953447,0.6659964352791787,0.7759152181044816,-0.4194765130959869,-0.3688103758053045,0.704600058691886,1.2282256721846445,0.6106666666666667,83.0,0.08299999999999999
NVDA,HistGradientBoosting,0.5,NO_FILTER,3.7150190860150603,0.5178877036804739,0.536,0.5244755244755245,0.4143646408839779,0.07710591941523814,0.4529823717321415,-0.37587645231690336,0.25683169668158423,0.3219279904946392,0.7759152181044816,-0.21488132744657362,-0.3688103758053045,0.35883024519386936,1.2282256721846445,0.38133333333333336,85.0,0.085
NVDA,LogisticRegression,0.4,NO_FILTER,6.481145802060715,1.426031854510291,0.44266666666666665,0.43805309734513276,0.5469613259668509,0.3272177768582234,0.4529823717321415,-0.1257645948739181,0.44421458470518405,0.6509513907664188,0.7759152181044816,-0.39494637771103136,-0.3688103758053045,0.8285119077548228,1.2282256721846445,0.9546666666666667,13.0,0.013000000000000001
QQQ,RandomForest,0.45,NO_FILTER,7.757535857233369,0.4427203878212851,0.45066666666666666,0.4020100502512563,0.47904191616766467,0.22360826259165845,0.40427045878113943,-0.18066219618948098,0.1935500473944444,0.7961706559493632,1.1120175094826126,-0.2070045500579798,-0.22768308447040142,1.0802094085807685,1.775584074335106,0.696,67.0,0.067
QQQ,ExtraTrees,0.5,NO_FILTER,5.542049525591716,0.29253156359090404,0.456,0.4088669950738916,0.49700598802395207,0.10866077142798813,0.40427045878113943,-0.2956096873531513,0.17394433272820728,0.48381909691975666,1.1120175094826126,-0.14764240740470502,-0.22768308447040142,0.7359726337307432,1.775584074335106,0.5413333333333333,58.0,0.05800000000000001
QQQ,GradientBoosting,0.4,NO_FILTER,2.8280766600593616,0.24193669088761838,0.5706666666666667,0.5375,0.25748502994011974,0.23138768488513728,0.40427045878113943,-0.17288277389600215,0.17956346934167433,0.8672765000878663,1.1120175094826126,-0.157234997593919,-0.22768308447040142,1.471604212967445,1.775584074335106,0.5973333333333334,120.0,0.12
QQQ,HistGradientBoosting,0.5,MA100,3.858775888698344,0.13931703776704452,0.49333333333333335,0.4217687074829932,0.3712574850299401,-0.11102650247891,0.40427045878113943,-0.5152969612600494,0.08251099857497361,-0.9169033857347322,1.1120175094826126,-0.15933022507233507,-0.22768308447040142,-0.6968326469664156,1.775584074335106,0.26666666666666666,82.0,0.082
QQQ,LogisticRegression,0.45,NO_FILTER,5.324764869993629,0.37849954432579747,0.456,0.4079601990049751,0.49101796407185627,0.22207860989675487,0.40427045878113943,-0.18219184888438456,0.19518167042151682,0.7868030186378681,1.1120175094826126,-0.22768308447040186,-0.22768308447040142,0.9753847564623294,1.775584074335106,0.7173333333333334,14.0,0.014000000000000002
SPY,RandomForest,0.6,MA100,26.773704295875753,0.026773704295875778,0.512,0.3969849246231156,0.5563380281690141,-0.0038759560235411827,0.2925378183910081,-0.2964137744145493,0.015109222913068708,-0.1651466909756353,1.0544383591773796,-0.01711398019050736,-0.18755226260622637,-0.22647893595734472,1.5597669381638077,0.013333333333333334,8.0,0.008
SPY,ExtraTrees,0.4,NO_FILTER,3.8643961541149605,0.2780820338771903,0.5386666666666666,0.4,0.43661971830985913,0.2656210949014195,0.2925378183910081,-0.026916723489588623,0.17699208765286167,0.9821187375317517,1.0544383591773796,-0.1875522626062267,-0.18755226260622637,1.4162510822868681,1.5597669381638077,0.9146666666666666,15.0,0.015000000000000001
SPY,GradientBoosting,0.5,NO_FILTER,6.887769908484273,0.06784398375753709,0.6213333333333333,0.5,0.19014084507042253,0.01402154411015033,0.2925378183910081,-0.2785162742808578,0.07715374774762025,0.15989395159886202,1.0544383591773796,-0.06425932762868458,-0.18755226260622637,0.21820247157225597,1.5597669381638077,0.144,52.0,0.052000000000000005
SPY,HistGradientBoosting,0.55,NO_FILTER,1.8584659496482583,0.05733530305413814,0.5706666666666667,0.4020618556701031,0.2746478873239437,0.003871661477789834,0.2925378183910081,-0.2886661569132183,0.07435139991660944,0.07198517641630968,1.0544383591773796,-0.08024895835713997,-0.18755226260622637,0.04824562906548134,1.5597669381638077,0.17866666666666667,79.0,0.07900000000000001
SPY,LogisticRegression,0.55,NO_FILTER,3.281513257740507,0.07287489251501511,0.5173333333333333,0.38323353293413176,0.4507042253521127,0.014805050633140526,0.2925378183910081,-0.2777327677578676,0.14369999640380707,0.13931138791595907,1.0544383591773796,-0.1499745019473545,-0.18755226260622637,0.09871711818277974,1.5597669381638077,0.25066666666666665,42.0,0.042
